<?xml version="1.0" encoding="UTF-8"?><idempiere Name="th.motive.ADCustomize" Version="1.0.0" idempiereVersion="" DataBaseVersion="" Description="packout change from native Application Dictionary" Author="" AuthorEmail="hieplq@hasuvimex.vn" CreatedDate="2017-10-04 17:28:07.0" UpdatedDate="2017-10-04 17:28:07.0" PackOutVersion="100" UpdateDictionary="true" Client="0-SYSTEM-System" AD_Client_UU="11237b53-9592-4af1-b3c5-afd216514b5d">
    <SQLStatement type="custom">
        <DBType>Oracle</DBType>
        <statement><![CDATA[UPDATE AD_Field SET IsReadOnly='N', AD_Reference_Value_ID=NULL, AD_Val_Rule_ID=NULL, ReadOnlyLogic=chr(64) || 'AD_Element_ID:0' || chr(64) || '!0', IsToolbarButton=NULL,Updated=TO_DATE('2017-10-04 16:32:52','YYYY-MM-DD HH24:MI:SS'),UpdatedBy=100 WHERE AD_Field_ID=156]]></statement>
    </SQLStatement>
    <SQLStatement type="custom">
        <DBType>Postgres</DBType>
        <statement><![CDATA[UPDATE AD_Field SET IsReadOnly='N', AD_Reference_Value_ID=NULL, AD_Val_Rule_ID=NULL, ReadOnlyLogic=chr(64) || 'AD_Element_ID:0' || chr(64) || '!0', IsToolbarButton=NULL,Updated=TO_TIMESTAMP('2017-10-04 16:32:52','YYYY-MM-DD HH24:MI:SS'),UpdatedBy=100 WHERE AD_Field_ID=156]]></statement>
    </SQLStatement>
</idempiere>
