<?xml version="1.0" encoding="UTF-8"?><?xml-stylesheet type="text/css" href="idempiereDocument.css"?><idempiereDocument>
    <header>th.motive.2pack Package Description</header>
    <H1>Package Name:</H1>
    <packagename>th.motive.2pack</packagename>
    <H1>Author:</H1>
    <Name:/>
    <H1>Email Address:</H1>
    <Email>hieplq@hasuvimex.vn</Email>
    <H1>Created:</H1>
    <Date>2017-10-06 01:38:28.517</Date>
    <H1>Updated:</H1>
    <Date>2017-10-06 01:38:28.517</Date>
    <H1>Description:</H1>
    <description>packout for th.motive.2pack: reference IDEMPIERE-3500</description>
    <H1>Instructions:</H1>
    <instructions/>
    <H1>Files in Package:</H1>
    <file>File: PackOut.xml</file>
    <filedirectory>Directory: \dict\</filedirectory>
    <filenotes>Notes: Contains all application/object settings for package</filenotes>
    <H1>Client:</H1>
    <Client>0-SYSTEM-System</Client>
</idempiereDocument>
